#,Tracker,Status,Priority,Subject,Assignee,Updated
21556,??????,?????,??????????,"? ??????? ""?????"" ???????? ?????? 404 ? ?????????????? ??????? ""Chrome Devtools""",Vladislava Vishnevska,08/23/2023 06:33 PM
21555,??????,?????,??????????,"??? ???????? ? ?????? ""? ????????"" ???? ?????? ??????????? ?? UA",Vladislava Vishnevska,08/23/2023 06:28 PM
21554,??????,?????,??????????,"??? ??????? ?????? ""???????? ??????"" ? ?????? ????? ??????????? ?????? ""?????"" ??? ""????????""",Vladislava Vishnevska,08/23/2023 06:22 PM
21553,??????,?????,??????????,"? RU ??????????? ????? ??? ???????? ? ?????? ""??????????"" ???? ?????? ??????????? ?? UA",Vladislava Vishnevska,08/23/2023 06:17 PM
21552,??????,?????,??????????,"?? ???????? ?????? ?? ???-???? ""????"" ? ??????? ""???????? ????????????? ?????? Cookie""",Vladislava Vishnevska,08/23/2023 06:06 PM
21551,??????,?????,??????????,"[L10N]???????????? RU ??????????? ????? ? ??????? ""?????""",Vladislava Vishnevska,08/23/2023 05:57 PM
21550,??????,?????,??????????,[L10N]??????????? RU ??????????? ???????????? ????,Vladislava Vishnevska,08/23/2023 05:53 PM
21549,??????,?????,??????????,"?? ?????????? RU ??????????? ? ??????? ""????? ?????? ?????????""",Vladislava Vishnevska,08/23/2023 05:49 PM
21548,??????,?????,??????????,"?? ???????? ?????? ""?????????"" ? ?????? ?????",Vladislava Vishnevska,08/23/2023 05:41 PM
21547,??????,?????,??????????,[L10N]??????????? RU ??????????? ???????? ?? ??????? ???????? c????,Vladislava Vishnevska,08/23/2023 05:38 PM
21464,??????,?????,??????????,The link to the carrier's website is not linked,Dubrovin Denis,07/13/2023 08:44 PM
21463,??????,?????,??????????,"[L10N] Incorrect UA localization of the ""?????-?????"" section in the ""????/???? ??????"" category",Vladislava Vishnevska,07/13/2023 08:43 PM
21462,??????,?????,??????,No information about viewed products in the site footer ,???????  ??????? ,07/13/2023 08:41 PM
21461,??????,?????,??????????,"""No product image is displayed in the category ""?????????? ? ??????""""",Oleksandr Lyshenko,07/13/2023 08:39 PM
21460,??????,?????,??????????,"[L10N] Incorrect UA localization of the ""????'?????? ???????"" section in the ""??????????????"" category",Vladislava Vishnevska,07/13/2023 08:37 PM
21459,??????,?????,??????????,"Incorrect sorting of goods in category "" ?????????""",Natali Rudich,07/13/2023 08:36 PM
21458,??????,?????,??????,"Information about "" ""?????? ?????? ""  "" is not displayed in Russian localization  under a co-sider",???????  ??????? ,07/13/2023 08:32 PM
21457,??????,?????,??????????," Products are not displayed in the section ""??????????? ??????"" on the main page after viewing a product",Nina Draganova,07/13/2023 08:32 PM
21456,??????,?????,??????????,"The ""Expand Text"" link does not change to ""Collapse Text"" in the ""ROZNICA Online Store"" section",Dubrovin Denis,07/13/2023 08:30 PM
21455,??????,?????,??????,"[L10N] Incorrect UA localization of the ""Shinies"" section in the ""Disks/Shinies"" category",Vladislava Vishnevska,07/13/2023 08:29 PM
21454,??????,?????,??????????,"""No product image is displayed in the ""Uninterruptible Power Supplies"" section""",Oleksandr Lyshenko,07/13/2023 08:28 PM
21453,??????,?????,??????,Error displaying Google Maps on the contact page,Nina Draganova,07/13/2023 08:23 PM
21452,??????,?????,???????,The search bar does not produce search results ,???????  ??????? ,07/13/2023 08:21 PM
21451,??????,?????,??????????,"Validator in the phone number field doesn't work  "" ???????? ?????""",Natali Rudich,07/13/2023 08:20 PM
21450,??????,?????,??????????,"[L10N]UA localization in product names ""Laptops and PC"" is missing",????????? ?????????,07/13/2023 08:19 PM
21449,??????,?????,??????????,"Viewed item is not displayed in the ""Viewed"" section",Vladislava Vishnevska,07/13/2023 08:18 PM
21447,??????,?????,??????????,Pop-up window ?????????? ???????? doesn?t show a notification about the unfilled form.,Nina Draganova,07/13/2023 08:15 PM
21446,??????,?????,??????????,"No quotes on the ""Screen Diagonal"" category ",Natali Rudich,07/13/2023 08:11 PM
21445,??????,?????,??????????,"Not active link "" Tell your friends "" under the section ""Product Catalog""",Vladislava Vishnevska,07/13/2023 08:09 PM
21444,??????,?????,??????????,"""[L10N] Localization error on the main page in the section ""ROZNICA online store""",Oleksandr Lyshenko,07/13/2023 08:09 PM
21443,??????,?????,??????????,"Unavailable  links to ""tell your friends"" ",???????  ??????? ,07/13/2023 08:07 PM
21442,??????,?????,??????????,UA localization in product category names is missing,????????? ?????????,07/13/2023 08:07 PM
21440,??????,?????,??????,No localization on the online help,Natali Rudich,07/13/2023 08:05 PM
21437,??????,?????,??????????,No RU localization of the slider.,Vladislava Vishnevska,07/13/2023 08:02 PM
21436,??????,?????,???????,"""???????????????? ?????? ""????????"" ? ??????? ""?????????""",Oleksandr Lyshenko,07/13/2023 01:31 AM
21435,??????,?????,???????,"""????????? ??????????? ??? ?????????? ??????? ???? ?? ???????? ""????? ?? ??????????""",Oleksandr Lyshenko,07/12/2023 11:34 PM
21434,??????,?????,???????,"""???????? ???????? ???????? ""?????"" ? ????????? 404, ??????? ?? ???????????.""",Oleksandr Lyshenko,07/12/2023 09:29 PM
21432,??????,?????,??????????,"""???????? ???????? ???????? ""?????"" ? ????????? 404,  ??????? ?? ???????????.""",????????? ?????????,07/12/2023 09:03 PM
21384,??????,?????,??????????,"""?? ?????????? ?????? ????????? ??? ???????????? ????? ? ??????? ""???????? ?????""",Oleksandr Lyshenko,07/12/2023 07:12 PM
21383,??????,?????,???????,"???????? ???????? ???????? ""???-???"" ? ????????? 404, ????????? ??????????? ?? ????????????.",Oleksandr Lyshenko,07/12/2023 03:49 PM
21382,??????,?????,??????????,"""[L10N] ?????? ? ??????????? ? ?????? ?? ???????? ""?????????? ??????""",Oleksandr Lyshenko,07/12/2023 01:59 PM
21381,??????,?????,??????????,"""[L10N] ??????  ???????????  ?? ???????? ""??????? ???????""",Oleksandr Lyshenko,07/12/2023 01:56 PM
21380,??????,?????,??????????,"""[L10N] ?????? ? ??????????? ? ?????? ?? ???????? ""?????????? ??????""",Oleksandr Lyshenko,07/12/2023 01:34 PM
21379,??????,?????,??????????,"0000019: ""[L10N] ?????? ? ??????????? ? ?????? ?? ???????? ""?????????? ??????""",Oleksandr Lyshenko,07/12/2023 01:28 PM
21378,??????,?????,??????????,"""[L10N] ?????? ??????????? ?? ???????? ""?????????""",Oleksandr Lyshenko,07/12/2023 01:13 PM
21377,??????,?????,??????????,"""[L10N] ?????? ? ????????  ""????????? ?????"" ?? ??????? ????????""",Oleksandr Lyshenko,07/11/2023 05:07 PM
21376,??????,?????,??????????,"?????? 404 ? ??????? ""??????? ? ?????""  ",Natali Rudich,07/10/2023 03:06 PM
21375,??????,?????,??????????,"?? ???????? ?????? "" ?????????"" ? ???????"" ????????"" ? ?????? ",Natali Rudich,07/10/2023 03:02 PM
21374,??????,?????,??????,"?????????? ??????????? ? ???? ""?????? ??????"" -""????????""",Natali Rudich,07/10/2023 12:21 PM
21373,??????,?????,???????,"?? ?????????? ?????? ??????????? ???? ""???????? ?????""",Natali Rudich,07/10/2023 12:15 PM
21372,??????,?????,??????,"?????????? ??????? ??????????? ?? ??????? ? ??????? "" ??????? ? ????? """,Natali Rudich,07/10/2023 12:06 PM
21371,??????,?????,??????,?????????? ??????? ??????????? ?? ?????? ??????? ???????? ????? ,Natali Rudich,07/10/2023 12:02 PM
21360,??????,?????,???????,"??????????? ????????? ????? ""???????? ?????"" ? ??????? ""????????""",Dubrovin Denis,07/06/2023 10:43 AM
21359,??????,?????,??????????,"?? ?????????????? ?????? ?? Messenger, ? ??????? ???????? ?????.",Dubrovin Denis,07/06/2023 10:31 AM
21358,??????,?????,??????????,"??? ??????????? ??????? ""???????? ?????""",Dubrovin Denis,07/06/2023 10:25 AM
21357,??????,?????,??????????,??????????? ??????????? ??????? ?? ??????? ????????.,Dubrovin Denis,07/06/2023 10:20 AM
21356,??????,?????,???????,???????? ?????????? ?????? ?? ??????? ? ???????.,Dubrovin Denis,07/06/2023 10:11 AM
21355,??????,?????,??????????,?? ?????????????? ?????? ?? ?????????.,Dubrovin Denis,07/06/2023 10:04 AM
21354,??????,?????,??????????,"?????????????? ????? ??????????? ??? ???????? ? ?????? ""??? ????????""",Dubrovin Denis,07/06/2023 09:48 AM
21353,??????,?????,??????????,"??? ??????????? ??????? ???????????, ???????? ? ??????.",Dubrovin Denis,07/06/2023 09:35 AM
21352,??????,?????,??????,??????????? ??????? ??????????? ?? ??????? ???????? ?????? ,Natali Rudich,07/05/2023 03:47 PM
21351,??????,?????,??????????,??? ??????????? ???????? ????? ? ??????.,Dubrovin Denis,07/05/2023 12:37 PM
21350,??????,?????,??????????,?? ?????????? ??????? ????? ? ?????????? ???????????.,Dubrovin Denis,07/05/2023 12:39 PM
21349,??????,?????,??????????,"?????????? ??????????? RU ? ??????? ""????? ?????? ?????????"" ? ?????? ?????",Nina Draganova,07/03/2023 02:51 PM
21348,??????,?????,??????????,"?????????? ??????????? RU ? ??????? ""? ????????"" ? ?????? ?????",Nina Draganova,07/03/2023 02:46 PM
21347,??????,?????,??????????,?? ???????? ?????? ???????? Ibis ?????? ,???????  ??????? ,07/02/2023 04:18 PM
21346,??????,?????,??????????,"??? ???????? ?? ?????? ? ???????? ?? ??????? ??????????? ,????????????? ????????? ?? ?????????? ",???????  ??????? ,07/02/2023 04:11 PM
21345,??????,?????,??????????,?? ???????? ?????? ?? Whatsapp ,???????  ??????? ,07/02/2023 03:52 PM
21344,??????,?????,??????????,"??? ?????? ????????? ?????????? ?? ??????? ??????????? ,???? ????????????? ????????? ?? ????????? ???????????  ",???????  ??????? ,07/02/2023 03:39 PM
21343,??????,?????,??????????,"??? ?????? ????????? ?????????? ?? ??????? ??????????? ,???? ????????????? ????????? ?? ????????? ???????????  ",???????  ??????? ,07/02/2023 03:39 PM
21342,??????,?????,???????,?????? ?????? ?????????? ? ??????? ??????????? ,???????  ??????? ,07/02/2023 03:34 PM
21341,??????,?????,???????,"???????? ???? ??? ?????? ??????? (????? ?????? ) ? ??????? ?????????? ? ????????? "" ???????? ??????"" ?? ?????????? ??????????? ",???????  ??????? ,07/02/2023 03:28 PM
21340,??????,?????,??????,?? ??????????????? ????? (??????? ??????? ?? ????? ????) ?? Youtube ? ??????? ????? ,???????  ??????? ,07/02/2023 02:30 PM
21339,??????,?????,???????,??????????? ????????? ??? ?????????? ??????,???????  ??????? ,07/02/2023 02:15 PM
21338,??????,?????,??????????,?? ??????????? ?????? ????????? ,???????  ??????? ,07/02/2023 02:01 PM
21337,??????,?????,??????,??????????? ??????? ??????????? ?????? ,???????  ??????? ,07/02/2023 01:56 PM
21336,??????,?????,??????????,"? ??????? ""???? ?? ????????????""  ??? ?????? ????????? ""??????????"" ???? ????????? ?? ???????? ""??? ??????""",Nina Draganova,07/01/2023 07:41 PM
21335,??????,?????,??????,"??????????? ??????????? UA ? ???????? ?????????? ""???????????""",Nina Draganova,07/01/2023 06:56 PM
21334,??????,?????,??????,"?????????? ???????????????? ?????? ""????????""",Nina Draganova,06/29/2023 05:45 PM
21333,??????,?????,??????,"?? ??????? ?????? ""?????????""",Nina Draganova,06/29/2023 03:57 PM
21332,??????,?????,??????????,"?? ???????? ?????? ""??????????"" ",Nina Draganova,06/29/2023 03:41 PM
21331,??????,?????,??????????,"?? ???????????? ??????? ""?????""",Nina Draganova,06/29/2023 03:28 PM
21330,??????,?????,??????????,?????????? ??????????? ?? ??????? ???????? ????? ?? ????????? ????????,Nina Draganova,06/29/2023 03:20 PM
21329,??????,?????,??????????,"?????????? ??????????? ?????? ? ??????? ""?????????? ????????""",Nina Draganova,06/29/2023 03:07 PM
21328,??????,?????,??????????,"?? ???????? ?????? ""?????????"" ? ?????? ?????",Vladislava Vishnevska,06/28/2023 06:28 PM
21317,??????,?????,??????,"??????????? ??????????? UA ? ???????? ?????? ""???????????? ??? ??-74 ??? ???.?????? 5,45*39""",????????? ?????????,06/27/2023 08:37 PM
21316,??????,?????,??????,"??????????? ??????????? UA ? ?????? ""???????? Derringer ??? ?????? ???????""",????????? ?????????,06/27/2023 08:32 PM
21315,??????,?????,??????,"??????????? ??????????? UA ? ???????? ??????? ""???????????""",????????? ?????????,06/27/2023 08:21 PM
21314,??????,?????,??????????,"?????? ""????????"" ??? ?????? ? ??????? ?????? ?? ????????????? ",????????? ?????????,06/27/2023 08:07 PM
21313,??????,?????,??????????,??????????? ????????? ?????? ???????? ??? ???????????,????????? ?????????,06/27/2023 07:16 PM
21312,??????,?????,??????????,"?????? Instagram ""???? ????????? ? ?????"" ???????? ?? ????????",????????? ?????????,06/27/2023 07:05 PM
21311,??????,?????,??????,"??????????? ??????????? UA ? ???????? ??????? ??????? ""????????? ?????""",????????? ?????????,06/27/2023 06:41 PM
21310,??????,?????,??????,"??????????? ??????????? UA ? ???????? ??????? ??????? ""????????? ?????""",????????? ?????????,06/27/2023 06:37 PM
21309,??????,?????,???????,??????? ?? ????????????  ??? ?????? ?????? ????? 7000 ??????,????????? ?????????,06/22/2023 08:53 PM
21308,??????,?????,???????,??? ?????????? ?????? ??????????? ????????? ? ????? ??? ?????????? ?????? ? ??????????,????????? ?????????,06/22/2023 08:52 PM
21307,??????,?????,???????,"?????? ""??????????"" ?????? ???????? ?? ?????????",????????? ?????????,06/22/2023 08:50 PM
21306,??????,?????,???????,"?????? ????????? ?? ???????? ""?????????? ??????"" ? ??????? ""?????? ??????""",Oleksandr Lyshenko,06/22/2023 08:49 PM
21305,??????,?????,??????????,"?????? ??????????? ?????? ""?????"" ? ????????? ?????? ??? ?????? ?????? ? ""???????""",Natali Rudich,06/22/2023 08:47 PM
21304,??????,?????,???????,"??????????  ????????? ??????? "" ???????"" ??? ?????????? ??????",????????? ?????????,06/22/2023 08:44 PM
21303,??????,?????,??????????,"??? ????????? ? ??????? ""???????? ??????""",Dubrovin Denis,06/22/2023 08:42 PM
21302,??????,?????,???????,?? ?????????? ?????????? ?????? ,????????? ?????????,06/22/2023 08:38 PM
21301,??????,?????,???????,??????????? ????????? ?????? ? ?????? ????? ,Vladislava Vishnevska,06/22/2023 08:37 PM
21300,??????,?????,???????,?????? ?????????? Performance 60% ??? ????? ????????? ?????? ????? ? ChromeDevTool,?????? ???????,06/22/2023 08:35 PM
21299,??????,?????,??????????,???????? ?????? ?????? ?????? ???? ??????? ??? ????? ?????? ???????,????????? ?????????,06/22/2023 08:35 PM
21298,??????,?????,???????,"?????????? ?????? ""???????? ?????"" ? ???? ""???????""",Natali Rudich,06/22/2023 08:31 PM
21297,??????,?????,???????,"?????? ????????? ?????? ""?????"" ? ?????? ??????? ????????.",Oleksandr Lyshenko,06/22/2023 08:25 PM
21296,??????,?????,???????,??????????? ????????? ?????? ???????? ??? ?????????? ??????,????????? ?????????,06/22/2023 08:24 PM
21295,??????,?????,??????,"? ?????????? ??????????? ? ??????? ""????????""  ????? ?? ?????? ????? ",????????? ?????????,06/22/2023 08:24 PM
21294,??????,?????,??????????,"??? ????? ??????????? ?? ""???????"" ? ?????? ??????????? ??? ?????????????? ?????? ????????.",????????? ?????????,06/22/2023 08:24 PM
21293,??????,?????,??????????,"??????????? ????? ?? ?????????? ???????? ? ????? ""?????""",Anna Prokopets,06/22/2023 08:23 PM
21292,??????,?????,???????,"?????????? UA ??????????? ???????? ""????????""",?????? ???????,06/22/2023 08:21 PM
21291,??????,?????,???????,??????????? ??????????? ????? ? ?????? ???????? ??? ?????????? ?????? ,????????? ?????????,06/22/2023 08:21 PM
21290,??????,?????,???????,"?? ?????????? ?????? ??????????? ???? ""???????? ?????""",Natali Rudich,06/22/2023 08:20 PM
21289,??????,?????,???????,"??????????? ????????? ? ???? ""?????? ? ???? ????""  ? UA ???????????",Vladislava Vishnevska,06/22/2023 08:18 PM
21288,??????,?????,??????????,"?????????? ?????? ?????????? ??????? ???????? ? ??????? ""????????""",????????? ?????????,06/22/2023 08:17 PM
21287,??????,?????,??????,? ?????? ??????????? ???????. ??????? ?????? ????? ? ????? ????. ,????????? ?????????,06/22/2023 08:13 PM
21286,??????,?????,??????,"??????????? ??????????? UA  ? ??????? ""?????? ??? ????????""",????????? ?????????,06/22/2023 08:16 PM
21285,??????,?????,??????,? ?????? ?????????? ?????? ?????? ?????????? ????? ,????????? ?????????,06/22/2023 08:09 PM
21284,??????,?????,??????,?? ?????????? ???????????  ? UA ?????? ?????,Vladislava Vishnevska,06/22/2023 08:08 PM
21283,??????,?????,??????,"??????????? ??????????? ?????? ""?????? ? ???? ????"" ? ?????????? ?????? ?????.",Anna Prokopets,06/22/2023 08:07 PM
21282,??????,?????,??????????,"??????????? ??????????? ? ?????? ""?????"", ? ?????? ??????? ????????.",Oleksandr Lyshenko,06/22/2023 08:07 PM
21281,??????,?????,??????,?? ????????? ???????? ?????????? ??????????? ,Natali Rudich,06/22/2023 08:05 PM
21280,??????,?????,??????,"?????????? ????????? ?????? ???????? ? ????? ""?????? ? ???? ????""",?????? ???????,06/22/2023 08:05 PM
21279,??????,?????,??????,"?????????? ??????????? ? ??????? ""???????? ? ??????""",????????? ?????????,06/22/2023 08:02 PM
21278,??????,?????,??????????,??????????? ???????? ??????  ? ?????? ? ??????? ???????? ,????????? ?????????,06/22/2023 08:02 PM
21277,??????,?????,??????????,??? ?????????? ?????? ? ??????? ???????? ?????? ????????? ?????? ,?????? ???????,06/22/2023 08:00 PM
20549,??????,?????,???????,?????????? ??????????? ?? ????? ??? ?????? ?????? Georgia,Nina Draganova,04/20/2023 08:39 PM
20548,??????,?????,??????????,"??????????? ??????????? ??? ?????? ?????? "" ????????? """,Vladislava Vishnevska,04/20/2023 08:38 PM
20547,??????,?????,??????????,??????????? ?????????? ??????????? ??? ?????? ?????? Senegal ,???????  ??????? ,04/20/2023 08:38 PM
20546,??????,?????,???????,"?? ??????????? ???? ??? ?????? ??????? ""????????????""",Natali Rudich,04/20/2023 08:38 PM
20545,??????,?????,???????,"??????????? ??????????? ?? ??????? ???????? ??? ?????? ""Vanuatu""",????????? ?????????,04/20/2023 08:36 PM
20544,??????,?????,??????????,"??????????? ??????????? ??? ?????? ?????? "" ?????????? """,Vladislava Vishnevska,04/20/2023 08:35 PM
20543,??????,?????,???????,?????????? ??????????? ?? ????? ??? ?????? ?????? Gabon,Nina Draganova,04/20/2023 08:35 PM
20542,??????,?????,??????????,"??????????? ??????????? ??? ?????? ?????? ""??????"" ",Dubrovin Denis,04/20/2023 08:35 PM
20541,??????,?????,??????????,??????????? ????????? ??????????? ??? ?????? ?????? ???????,Anastasiya Lopatovskaya,04/20/2023 08:33 PM
20540,??????,?????,??????????,"???????????? ??????????? ?????? ""??????""",????????? ?????????,04/20/2023 08:33 PM
20539,??????,?????,???????,"??????????? ??????????? ??? ?????? ?????? ""??????"" ",Dubrovin Denis,04/20/2023 08:32 PM
20538,??????,?????,???????,??????????? ???????? ????? ?? ????????? ?????,??????? ????????,04/20/2023 08:31 PM
20537,??????,?????,??????????,?????? ????????? ?? ???????? ??? ?????? ?????? - Marshal Islands,Maksym Shymin,04/20/2023 08:31 PM
20536,??????,?????,???????,"??????????? ??????????? ????? ?????? ""?????""",Natali Rudich,04/20/2023 08:28 PM
20535,??????,?????,??????????,??????????? ????????????? ??????????? ??? ??????? Sao tome and principe ,???????  ??????? ,04/20/2023 08:28 PM
20534,??????,?????,???????,?????????? ??????????? ?? ????? ??? ?????? ?????? Finlad,Nina Draganova,04/20/2023 08:28 PM
20533,??????,?????,??????????,"??????????? ??????????? ??? ?????? ?????? ""???????????  """,Vladislava Vishnevska,04/20/2023 08:27 PM
20532,??????,?????,???????,"??????????? ??????????? ??? ?????? ?????? ""???????"" ",Dubrovin Denis,04/20/2023 08:25 PM
20531,??????,?????,??????????,"??????????? ??????????? ?????? ""????""",????????? ?????????,04/20/2023 08:24 PM
20530,??????,?????,???????,"??????????? ??????????? ?? ??????? ???????? ??? ?????? ""Venezuela""",????????? ?????????,04/20/2023 08:23 PM
20529,??????,?????,??????????,"??????????? ??????????? ??? ?????? ?????? ""??????"" ",Dubrovin Denis,04/20/2023 08:20 PM
20528,??????,?????,??????????, ??????????? ??????????? ??? ?????? ?????? - Guatemala ,Maksym Shymin,04/20/2023 08:20 PM
20527,??????,?????,??????????,"??????????? ??????????? ??? ?????? ?????? "" ???????/????? """,Vladislava Vishnevska,04/20/2023 08:19 PM
20526,??????,?????,??????????,??????????? ??????????? ??? ?????? ?????? - Djibouti,Maksym Shymin,04/20/2023 08:19 PM
20525,??????,?????,??????????,"??????????? ??????????? ?????? ""??????""",????????? ?????????,04/20/2023 08:18 PM
20524,??????,?????,???????,?????????? ??????????? ??????? ?? ?????  ?????? ??????? ?? ?????? ?????,Nina Draganova,04/20/2023 08:15 PM
20523,??????,?????,??????????,"??????????? ??????????? ??? ?????? ?????? "" ??? ???""",Vladislava Vishnevska,04/20/2023 08:12 PM
20522,??????,?????,???????,"?????? ???????????????? ""?????"" ??? ?????? ??????????? ""????????""",????????? ?????????,04/20/2023 08:11 PM
20521,??????,?????,???????,"??????????? ??????????? ??? ?????? ?????? ""????????"" ",Dubrovin Denis,04/20/2023 08:10 PM
20520,??????,?????,??????????,??????????? ???????? ??????????? ,???????  ??????? ,04/20/2023 08:09 PM
20519,??????,?????,???????,"??????????? ??????????? ?? ??????? ???????? ??? ""Vanuatu"" ?????, ?????? ""Venezuela""",Oleksandr Lyshenko,04/20/2023 08:08 PM
20518,??????,?????,??????????,"?? ????????? ???????? ????????? ???????? ??? ?????? ?????? "" ???????"" ",Natali Rudich,04/20/2023 08:08 PM
20517,??????,?????,??????????,??????????? ??????????? ??? ?????? ?????? - Burkina faso,Maksym Shymin,04/20/2023 08:06 PM
20516,??????,?????,??????????,?????????? ??????? ? ????? ??? ?????? ?????? - Bulgaria ,Maksym Shymin,04/20/2023 08:05 PM
20515,??????,?????,??????????,?? ?????????? ??????????? ????? ??? ?????? ?????? ???????? ,Vladislava Vishnevska,04/20/2023 08:04 PM
20514,??????,?????,???????,"?????? ???????????????? ""?????"" ??? ?????? ??????????? ""????""",????????? ?????????,04/20/2023 08:02 PM
20513,??????,?????,??????????,??????????? ??????????? ??? ?????? ?????? - Armenia,Maksym Shymin,04/20/2023 08:02 PM
20512,??????,?????,??????????,??????????? ??????????? ??? ?????? ?????? -  Argentina ,Maksym Shymin,04/20/2023 07:59 PM
20511,??????,?????,???????,"?? ??????????? ???? ??? ?????? ""?????????? ???????????""","",04/20/2023 07:53 PM
20510,??????,?????,??????????,???  ????? ?????? ??? ?????? -???? ?????? ????? ?? ?????????? ??????????? ,???????  ??????? ,04/20/2023 07:52 PM
20509,??????,?????,???????,?????????? ??????????? ?? ????? https://www.hennessy.com/,Nina Draganova,04/20/2023 07:51 PM
20508,??????,?????,??????????,"??????????? ??????????? ??? ?????? ?????? "" ??????? """,Vladislava Vishnevska,04/20/2023 07:48 PM
20507,??????,?????,??????????,"???????????? ??????????? ?????? ""?????""",????????? ?????????,04/20/2023 07:44 PM
20107,??????,?????,??????????,????????? ?????? ?? ???????? ?????????? ?? 2007 ???,KOSTIANTYN BLAGODARENKO,03/04/2023 11:39 PM
20106,??????,?????,??????????,"?????? ?? ?????? ""???????? ?????????"" ? ??????? ?????? ????????? ????????",KOSTIANTYN BLAGODARENKO,03/04/2023 11:17 PM
20105,??????,?????,??????????,?????????? ?????????? ? ??????? *APPGALLERY*,KOSTIANTYN BLAGODARENKO,03/04/2023 11:06 PM
20037,??????,?????,???????,"??? ?????? ???? ""??????"" ? ??????? ""??????? ?? ??????"" ???????????? ?? ?????? ? ????????? ?????? ?????",Yuliia Novikova,03/02/2023 04:05 PM
20028,??????,?????,??????,??????????? ???????? ? ?????? ??????? ???? ? ????? ??????????? ????,??????? ????????,03/02/2023 01:09 PM
20027,??????,?????,??????????,"??? ??????? ?????????? ?????? ??? ??????????? ?? ?????????? ????????? ???????? ? ?????? ""??? ? ???????""",Marina strakhova,03/02/2023 12:16 PM
20026,??????,?????,??????????,"???????????? ??????????? ???????????? ???? ? ??????? ""????????? ???????""",Anna Prokopets,03/02/2023 04:36 AM
20025,??????,?????,??????????,"??? ? ???????????? ???????????? (??????????) ???? ? ??????? ""????????? ???????""",Anna Prokopets,03/02/2023 04:26 AM
20024,??????,?????,??????,??????? ??????? ???? ??????????? ?????,Sabina Vorotnikova,03/02/2023 01:24 AM
20023,??????,?????,??????????,"??? ???????? ???????? ""Samsung Galaxy S23 New"" ? ???????? ?????????? ?????? 404 ""???????? ?? ??????""",?????? ???????,03/01/2023 11:58 PM
20022,??????,?????,??????????,"??????????? ????????? ?????? ???????? ? ""?????? ??????"" ??????? ""????????? ??'????""",????????? ?????????,03/01/2023 07:34 PM
20021,??????,?????,???????,"?? ?????????? ????????????? ???????? ? ??????? ""???????"" ",Natali Rudich,03/01/2023 07:12 PM
20020,??????,?????,??????????,??? ?????? ????? ? UA ??????????? ??? ????????? ?????? ?? UA ?????????? ????? ?? ?????????? ????? ?????????????? ??? ? ???????,Anastasiya Lopatovskaya,03/01/2023 04:41 PM
20019,??????,?????,??????????,??? ??????????? ???????? ????? ? ?????? ,Anastasiya Lopatovskaya,03/01/2023 04:31 PM
20018,??????,?????,??????????,"?????? ?? ?? ???????????? ?????? ??? ??????? ?????? ""???????? ?????????""",Anastasiya Lopatovskaya,03/01/2023 04:15 PM
19961,??????,?????,??????,"?? ??????? ?????? ""?????? ??????"" ? ??????? ""??? ????????"" ? ??????",Nina Draganova,02/28/2023 05:33 PM
19960,??????,?????,??????????,"?????????? ????????? ? ?????? ""???????"" ? ??????? ?????? ""???????"" ? ?????? ? ??????? ????? ??? ?????????? ????? ""???? ?? ???""",Nina Draganova,02/28/2023 05:25 PM
19959,??????,?????,??????????,"?????????? ????????? ? ?????? ""???????"" ? ??????? ??????  ""???????"" ? ?????? ? ??????? ????? ??? ?????????? ????? ""???? ?? ???""",Nina Draganova,02/28/2023 05:15 PM
19958,??????,?????,??????????,"?????????? ????????? ? ?????? ""???????"" ? ??????? ""?????? ","",02/28/2023 05:02 PM
19950,??????,?????,??????????,"?????? ""????????"",""???????? ????"" ??? ????? ?? ?????? ?? ???????? ???????? ???????????? ???????.",Oleksandr Lyshenko,02/28/2023 12:39 AM
19933,??????,?????,??????????,? ?????? ?????? ???????? *??????* ?????????,"",02/27/2023 10:50 AM
19931,??????,?????,??????????,??? ??????????? ????? ????? ????? ?????? ?????????????? ????? ???????? ? ???????????? ?????,"",02/27/2023 10:31 AM
19917,??????,?????,???????,"?? ???????????? ??????""?????? "" ? ?????? ??? ?????????? ?????? .",???????  ??????? ,02/26/2023 11:47 PM
19880,??????,?????,??????????,"???????? ?????? ??? ?????? ????????? ?????? ?????? ?? ???????? ""??????????"" - ????? ??????? ??????, ??????? ?????? ???????? ???????? ?????",Maksym Shymin,02/26/2023 11:27 AM
19879,??????,?????,??????????,"?? ??????? ?????? ??? ??????? ?? ?????? ""???????? ?????????"" ? ????????? ""?????? ????????? ????????""",Vladislava Vishnevska,02/25/2023 10:38 PM
19875,??????,?????,??????????,"?????, ?? ??????? ????? ? ?????????????, ?? ???????????.",Dubrovin Denis,02/25/2023 06:31 PM
19874,??????,?????,??????????,"? ??????, ? ???????""?????? ????????? ????????""  ?? ???????????? ?????? ""Viber""",Dubrovin Denis,02/25/2023 06:25 PM
19873,??????,?????,??????????,"? ????????? ???????, ??? ????? ?????, ?? ?????????? ? ????????? ????????, ???????????? ????????? ""?????????? ??????""",Dubrovin Denis,02/25/2023 05:50 PM
19822,??????,?????,??????????,"?? ??????? ?????? ""?????? ????????"" ? ""?????? ??????"" ? ??????? ""???? ???????"" ? ????????? ""??? ????????""",Vladislava Vishnevska,02/25/2023 12:04 PM
19794,??????,?????,??????????,"??? ?????????? ????? ?????? ""????? ?????"" ?? ?????????? ?????? ????? ??? ???????? ?????? ????? ??? ????????? ?????, ? ??? ?? ??????????? ????????? ???????? ?????",????????? ?????????,02/20/2023 08:32 PM
19793,??????,?????,??????????,??? ?????????? ????? ?? ?????????? ?????? ????? ??? ???????? ???????? ???????? ?? ?????????????,????????? ?????????,02/20/2023 08:26 PM
19792,??????,?????,???????,??? ?????????? ????? ?? ???????????? ?????? ????? ? ?????,????????? ?????????,02/20/2023 08:18 PM
19791,??????,?????,??????????,??? ?????????? ????? ??????????? ????????? ??????????? ?????,????????? ?????????,02/20/2023 08:08 PM
19790,??????,?????,??????????,? ????? ??????????? ????????? ????????? ???????? ?????? ???????? ,????????? ?????????,02/20/2023 08:01 PM
19789,??????,?????,??????????,"?? ??????????? ????????? ? ??????? ""?? ???????? ????????? ??????? ?? ??????? ??????????? ??? ?????? ???????.""",Vladislava Vishnevska,02/18/2023 11:49 AM
19788,??????,?????,??????,"?????????? ????????? ? ?????? ""?????????? ???????"" ? ??????? ""SMM ???????????""  ""?????? ?????? SMM ???????????""",Nina Draganova,02/18/2023 11:48 AM
19787,??????,?????,??????,?????? ? ???????? ?????? ? UA ??????????? ,Sabina Vorotnikova,02/18/2023 11:48 AM
19786,??????,?????,??????????,"??????????? ?????????? ??????????? ? ??????? ""?????? ???"" ? ??????? ""????? ???????"" ",Natali Rudich,02/18/2023 11:45 AM
19785,??????,?????,??????????,"?? ???????????? ??????? ????????? ? ?????? ???????? ""? ???""",?????? ???????,02/18/2023 11:45 AM
19784,??????,?????,??????????,????? ??????? ?? ?????????? ??????.??????? ????????? ?? ???????.????? ??? ???????? ????????? ???? ??????????  ?????????? ?? ??????????,Vitaliy Sudayev,02/18/2023 11:40 AM
19783,??????,?????,??????????,?????????? UA ??????????? ? ?????,Sabina Vorotnikova,02/18/2023 11:39 AM
19782,??????,?????,??????????,? ?????????? ?????? ????? - ? FOOTER - ?? ???????? ?????? ????????? ????????,KOSTIANTYN BLAGODARENKO,02/18/2023 11:39 AM
19781,??????,?????,??????????,"??????????? ????? ? ?????? ""?????????? ?????"" ?  ??????? ""?????????? ???????? ?? ?????????""",Vladislava Vishnevska,02/18/2023 11:38 AM
19780,??????,?????,??????????,"?????? ""SMM ???????????"" ""PPS ??????? WEB"" ""?????????????"" ? ?????? ?????? ????????, ????????? ????? ?? ??????? ???????? ????? https://zwebra.com.ua/",Oleksandr Lyshenko,02/18/2023 11:36 AM
19779,??????,?????,??????,"? ??????? ""????"" ? ?????? ??????????? ?????? ?? ???.? ???.?????",Nina Draganova,02/18/2023 11:36 AM
19778,??????,?????,??????????,??????????? ??????????? ????????? ? ?????????? ?????? ?????.,Anna Prokopets,02/18/2023 11:33 AM
19777,??????,?????,??????,"????? ""????????"" ?? ????????? ???? ???????? "" ???? ?????????? ???????? 02.05.2022""",Natali Rudich,02/18/2023 11:32 AM
19776,??????,?????,??????,"????????? RU ??????????? ? ?????????? ""SMM- ??????????""",Anastasiya Lopatovskaya,02/18/2023 11:32 AM
19775,??????,?????,??????????,"??????????? ??????????? ??????? ""L@unch box"" ? ??????? ""?????????"" ",Vladislava Vishnevska,02/18/2023 11:30 AM
19774,??????,?????,??????????,????????????? ????????? ??????????? ????? ? EN,Sabina Vorotnikova,02/18/2023 11:29 AM
19773,??????,?????,??????,"?????? ""????????? ????"" ? ?????? ????????? ??????? ""???????? ???????? ???????""",Yuliia Novikova,02/18/2023 11:29 AM
19772,??????,?????,??????????,"?????????? ????????? ???????????????? ??????????????? ???????? ???????????? ???? ""Google ??????????""",Anna Prokopets,02/18/2023 11:27 AM
19771,??????,?????,??????????,??????????? ??????????? ???????????? ??????? ?????? ? ??????,Marina strakhova,02/18/2023 11:24 AM
19770,??????,?????,??????????,?????????? ??????????? ??????????? ?????????? ?????? ?????? ?????????? ? ?????????? ??????,KOSTIANTYN BLAGODARENKO,02/18/2023 11:24 AM
19769,??????,?????,??????," ? ???????  ""??? ??"" ? ??????,  ?????? ?? ??????? ????? ? ?????????? ???????????",Yuliia Novikova,02/18/2023 11:23 AM
19768,??????,?????,??????????,"?????????? ????????? ?????? ???????? ""???????? ??????""",?????? ???????,02/18/2023 11:18 AM
19767,??????,?????,??????????,"??????? ?????? 404 ? ??????? ""??????? ???????? ? ??????""",KOSTIANTYN BLAGODARENKO,02/16/2023 12:46 AM
19766,??????,?????,??????????,?????????????? ?????????? ?????? (?????????? ???????) ? HEADER & FOOTER,KOSTIANTYN BLAGODARENKO,02/16/2023 12:33 AM
19765,??????,?????,??????????,?????????? ????????????? ?????? ?? ???????? ??????,KOSTIANTYN BLAGODARENKO,02/16/2023 12:24 AM
19764,??????,?????,??????,????????????? ?????????? ??????? ? ????? ????????,KOSTIANTYN BLAGODARENKO,02/16/2023 12:20 AM
19763,??????,?????,???????,"???? ?????? - ?????????????? ? ""HEADER and FOOTER""",KOSTIANTYN BLAGODARENKO,02/16/2023 12:14 AM
19762,??????,?????,??????,?????????? ??????????? GOOGLE MAPS ? ??????? ????????,KOSTIANTYN BLAGODARENKO,02/16/2023 12:09 AM
19761,??????,?????,??????????,"?????????? ??????????? ? ?????? ""?? ??????? ?????????? ????????? ??????????""",KOSTIANTYN BLAGODARENKO,02/15/2023 11:57 PM
19760,??????,?????,??????????,???????????? ??????????? ??????????? ? ????????? ???????? ????,KOSTIANTYN BLAGODARENKO,02/15/2023 11:50 PM
19759,??????,?????,??????????,??????? ?????? 404 ? ??????? ??????????,KOSTIANTYN BLAGODARENKO,02/15/2023 11:33 PM
19758,??????,?????,??????????,??????????? ? ????????????? ?????????? ?????? ?????,KOSTIANTYN BLAGODARENKO,02/15/2023 11:25 PM
19655,??????,?????,??????,"??????????  ?????????? ? ?????? ""??? ??????? ?????????""","",02/11/2023 08:42 AM
19654,??????,?????,??????,"?????????? ????? ?????? ????????? ????????? ? ???????""????????""",Marina strakhova,02/11/2023 08:28 AM
19653,??????,?????,??????,"?????????? ?????????? ""????? ???????""",Marina strakhova,02/11/2023 08:17 AM
19652,??????,?????,??????????,"?? ???????????? ?????????? ? ? ??????? ""??????? ?????? ""?"" ?????????? ??????? ""??? ??????? ????????? ",Marina strakhova,02/11/2023 08:04 AM
19651,??????,?????,??????????,"?? ???????????? ?????????? ? ???????""??? ???"" ",Marina strakhova,02/11/2023 07:47 AM
19641,??????,?????,???????,"??? ???????? ?? ?????? ""??????????? ??? ?????????"" ?? ???????????? ?????? ?? ?????? ? ????????",????????? ?????????,02/10/2023 07:34 PM
19640,??????,?????,???????,"??? ???????? ?? ??????  ""???? ??????"" ?? ???????????? ?????? ??????????????? ?????? ? ????????",????????? ?????????,02/10/2023 07:28 PM
19639,??????,?????,???????," ?????? ?? ?????  ""??????? ???????????"" ?? ?????????? ?????????? ?????",????????? ?????????,02/10/2023 07:20 PM
19638,??????,?????,???????,"?? ???????? ?????? ?? ????????? ????? ""?????? ???????""",????????? ?????????,02/10/2023 07:12 PM
19637,??????,?????,??????????,??????? ???? ?????? ,Yuliia Novikova,02/10/2023 07:08 PM
19636,??????,?????,??????????,?? ?????????? ?????? ????????? ?????? ? ?????????? ???????????,Yuliia Novikova,02/10/2023 06:44 PM
19635,??????,?????,??????????,"?? ????????? ?????????? ?????? ?? ?????? ? ??????? ""??????????"" ? ??????",Yuliia Novikova,02/10/2023 06:35 PM
19634,??????,?????,???????,"??????????? ??????? ?????? "" ?????? ?? ?????? """,????????? ?????????,02/10/2023 06:33 PM
19633,??????,?????,??????????,"?? ????????? ?????????? ?????? ?? ?????? ? ??????? ""??????????"" ? ??????",Yuliia Novikova,02/10/2023 06:32 PM
19632,??????,?????,??????????,"??????????? ?????????? ?????? ""?? ??????? ?????????? ????????? ??????????"" ? ??????? ""?????? ?? ??????""",????????? ?????????,02/10/2023 05:51 PM
19631,??????,?????,??????????,??????????? ??????? ????? ???????? ???? ??? ????????????? ??????????? UA,????????? ?????????,02/10/2023 05:42 PM
19630,??????,?????,???????,"??????????? ???????? ??? ???????? ?? ?????? ""? ???""",????????? ?????????,02/10/2023 05:29 PM
19629,??????,?????,??????????,"??????????? ????? ??????? ? ????????? ""?????????? ??????""  -""?????? ????????""",Vladislava Vishnevska,02/10/2023 05:24 PM
19628,??????,?????,??????????,"??????????? ??????? ?????? "" ?????????? "" ??????????? UA ",????????? ?????????,02/10/2023 05:23 PM
19627,??????,?????,??????????,"??????????? ????? ? ?????? ?????? ?????? ? ??????? ""????????"" ??????? ""????????? ?????? ? ?????""",????????? ?????????,02/10/2023 05:08 PM
19626,??????,?????,??????????,"?? ???????? ?????? ""?????????"" ? ?????? ? ??????? ""??? ???"" ?? ???.?????? ????? ",Vladislava Vishnevska,02/10/2023 04:56 PM
19625,??????,?????,??????????,"??????????? ?????????? ? ?????? ""????-?????? GoPro : ????? ?????? ? ?????????? ???????""  ? ??????? ""?????? ?? ??????"" ",Vladislava Vishnevska,02/10/2023 04:17 PM
19624,??????,?????,??????????,? ?????? ?????? ????????/???????? ????? ??????.,Anna Prokopets,02/10/2023 04:05 PM
19623,??????,?????,??????????,"??????????? ???? ?????? ? ????????? ""??????????? ???????"",?????? ""??????? ??????????""",Vladislava Vishnevska,02/10/2023 04:03 PM
19622,??????,?????,??????????,"? ?????????? ?????? ????? ?????? ""????? ?????""  ? ?? ????????? ???????? ?? ???.?????.",Vladislava Vishnevska,02/10/2023 03:53 PM
19621,??????,?????,???????,??? ??????? ??????????? ?? ???????? ??? ? ???????.,Anna Prokopets,02/10/2023 02:49 PM
19620,??????,?????,??????????,"??? ???????? ? ????????? ?????? ""????????????? ??? ?????????"" ?????????? ?????, ?? ??????????????? ????????? ??????",??????? ????????,02/10/2023 02:40 PM
19619,??????,?????,??????????,? ?????????? ??????????? ????? ??????????? ????? ??????.,Anna Prokopets,02/10/2023 02:22 PM
19618,??????,?????,??????????,??????????? ?????????? ??????????? ???????.,Anna Prokopets,02/10/2023 02:15 PM
19617,??????,?????,??????,??????????? ???? ?? ????? ?? ?????,??????? ????????,02/10/2023 02:00 PM
19616,??????,?????,??????????,??????? ?????? ? ???????? ??????? ??? RU ???????????,??????? ????????,02/10/2023 01:52 PM
19615,??????,?????,???????,"?????? ? ??????????? ?????? ???????????? ? ??????? ? ?????? "" ????""",Natali Rudich,02/10/2023 01:34 PM
19614,??????,?????,??????????,"?? ???????? ?????? "" ??????? ??????????? ????????."" ? ??????? ""?????? ?????????""",Natali Rudich,02/10/2023 01:26 PM
19613,??????,?????,??????,"????? ?????? ? ??????? ""???? ??????? - ?????????,???????????? ?????????????""",Natali Rudich,02/10/2023 01:18 PM
19612,??????,?????,??????????,"??????????? ??????????? ???? ??????? ""USB ????-??????????"" ? ??????? ???? ""??????????? ???????""",??????? ????????,02/10/2023 01:09 PM
19611,??????,?????,??????,"??????????? ??????? ?????? ???? "" ???????"" ?? ?????????? ????? ",Natali Rudich,02/10/2023 01:06 PM
19610,??????,?????,???????,"????? ???? ""???????""  ?????? ""????????""",Natali Rudich,02/10/2023 12:57 PM
19609,??????,?????,??????????,"?? ???????? ?????? ""??? ???"" ? ?????? ???? "" ????? ?? ????????""",Natali Rudich,02/10/2023 12:43 PM
19608,??????,?????,??????,"? ??????? ?? ?????????? ?????????? ??? ???????? ???? ""????????""",Natali Rudich,02/10/2023 12:33 PM
19607,??????,?????,??????????,?????????? UA ??????????? ?????????? ???? ? ??? ???????,Sabina Vorotnikova,02/10/2023 05:48 AM
19606,??????,?????,??????????,?????????? UA ??????????? ??????? ??????,Sabina Vorotnikova,02/10/2023 05:39 AM
19605,??????,?????,??????????,"?????????? UA ??????????? ??????? ""????? ?????????????????""",Sabina Vorotnikova,02/10/2023 05:36 AM
19604,??????,?????,??????????,?????????? UA ??????????? ?????????? ????,Sabina Vorotnikova,02/10/2023 05:28 AM
19603,??????,?????,??????????,"?????????? UA ??????????? ??????? ""????? ?????""",Sabina Vorotnikova,02/10/2023 05:19 AM
19602,??????,?????,??????????,"?????????? ????????? ??????????? ? ??????? "" ????????""",Sabina Vorotnikova,02/10/2023 05:08 AM
19601,??????,?????,??????????,"?????????? ??????????? UA ?? ???????? ""????????""",Sabina Vorotnikova,02/10/2023 04:51 AM
19600,??????,?????,??????,?????????????? ???????? ?????? ????????? ?? ????? ,Sabina Vorotnikova,02/10/2023 04:39 AM
19599,??????,?????,???????,?????????????? ???????? ??????????? ? ????????? ??????,Sabina Vorotnikova,02/10/2023 04:13 AM
19598,??????,?????,??????,?????????????? ?????? ? ???????? ????????????  ?????? ,Sabina Vorotnikova,02/10/2023 03:49 AM
19597,??????,?????,??????????,"? ?????????? ?????? ????? ???????? ??????,????????? ? ???????/?????????? ?? ????????? ""???? ??? ?????????"" ???????? ?? ??????? ?????.",Vladislava Vishnevska,02/10/2023 12:26 AM
19596,??????,?????,??????????,"? ?????????? ?????? ????? ???????? ?????? ?? ????????? ""??? ????????""  ???????? ?? ??????? ?????.",Vladislava Vishnevska,02/10/2023 12:17 AM
19595,??????,?????,??????????,"??????????? ??????? ?? ???????? ?????? ""??????"".",Anna Prokopets,02/10/2023 12:10 AM
19594,??????,?????,??????????,? ?????????? ?????? ????? ??????? ??????? ???????? ?? ??????? ?????,Vladislava Vishnevska,02/10/2023 12:06 AM
19593,??????,?????,??????????,"? ?????????? ?????? ????? ?? ???????? ""?opup"" ,???????? ?? ??????? ?????.",Vladislava Vishnevska,02/09/2023 11:59 PM
19592,??????,?????,??????????,??????????? ?????????? ??????????? ??? ????????? ???????.,Anna Prokopets,02/09/2023 11:58 PM
19591,??????,?????,??????????,"? ???????????? ""????????????? ?????"" ????? ????? ??????????? ???????? ????????????.",Anna Prokopets,02/09/2023 11:50 PM
19590,??????,?????,???????,"??? ???????? ?? ???????? ????? ?????? ? ????????? ""?????? ?? ??????"" ?????????? ?????? ????? - ???? ?????? ???????????",Maksym Shymin,02/09/2023 11:46 PM
19589,??????,?????,??????????,"?? ????????? ?????? ""?????? ??????"" ? ??????",Vladislava Vishnevska,02/09/2023 11:42 PM
19588,??????,?????,??????,"? ?????????? ?????? ????? ????????? ????????? ??????? ""????????? ???????"" ???????? ?? ??????? ?????",Maksym Shymin,02/09/2023 11:37 PM
19587,??????,?????,??????,"? ?????????? ?????? ????? ??????? ???????, ?????? ?? ??????? ??????, ???????? ?? ??????? ?????",Maksym Shymin,02/09/2023 11:26 PM
19586,??????,?????,??????????,"? ?????????? ?????? ????? ??????? ""????"" ??? ???????? ???????? ?? ??????? ?????",Maksym Shymin,02/09/2023 11:21 PM
19585,??????,?????,??????????,"????? ??????? ?? ?????? ""????? ?????"" ? ?????? ????????? ???????, ???????????? ???????? ?????? ?? ?????????? ?????",Maksym Shymin,02/09/2023 11:14 PM
19584,??????,?????,??????????,"? ?????????? ?????? ????? ??????? ""???????"" ??? ???????? ???????? ?? ??????? ?????",Maksym Shymin,02/09/2023 11:04 PM
19583,??????,?????,??????,"?????? ???????? : ""?????? ????????? ?????????"" ? ""?????? ? ??????????? ???????? ???????"" ? ???????? ?????????? ?? ???????? ""??????"" ?????????? ???? ? ?????? ",Maksym Shymin,02/09/2023 10:52 PM
19582,??????,?????,???????,"????????? ????? ??????? ?? ???????? ""????????"".",Maksym Shymin,02/09/2023 10:36 PM
19581,??????,?????,??????????,"????????? ?????? ? ??????? ""?????????? ??????????"", ?? ?????? ????? ? ?? ?????? ????? - ?? ?????????.",Maksym Shymin,02/09/2023 10:26 PM
19580,??????,?????,??????,"?? ???????????? ?????? ""????? ???? "" ? ?????? ???????? ? ????????? ????????? ???????? ""?????""",Maksym Shymin,02/09/2023 10:17 PM
19579,??????,?????,??????,"???????? ?????????? ??????? ""???????????? ???????? Porsche"" ? ??????",Nina Draganova,02/09/2023 08:38 PM
19578,??????,?????,???????,????????????? ????? ????? ??? ??????????? ? ???? ?????,????????? ?????????,02/09/2023 08:38 PM
19577,??????,?????,??????????,"?? ???????????? ??????? ""?????????????? ?? ?????? --?????""",???????  ??????? ,02/09/2023 08:36 PM
19576,??????,?????,??????????,"?? ??????????? ?????? ? ??????? ""???????? ?????????????????? ...""",Vladislava Vishnevska,02/09/2023 08:35 PM
19575,??????,?????,??????,"??????????? UA ??????????? ? ??????? ""??????"" ????????? ""Mini""",Anastasiya Lopatovskaya,02/09/2023 08:35 PM
19574,??????,?????,??????????,"??????????? ????? ???? ""???????????/???????????"" ????? ???????????.",Anna Prokopets,02/09/2023 08:34 PM
19573,??????,?????,??????????,"?????????? ???????? ? ???????""???????""","",02/09/2023 08:33 PM
19572,??????,?????,??????????,?? ?????????? ???????? ? ?????? ????????,Vladislava Vishnevska,02/09/2023 08:32 PM
19571,??????,?????,??????,??? ????? ??????????? ??????? ??????????? UA ??????????? ,?????? ???????,02/09/2023 08:31 PM
19570,??????,?????,??????????,? Header ??? ????????? ??????? ?? ?????? ????????? ? ????????? ??????????? ????????? Tooltip,Vitaliy Sudayev,02/09/2023 08:31 PM
19569,??????,?????,??????????,"??????????? ???????? ""?????? ?? ???????"" ????? ??????????? ????????????.",Anna Prokopets,02/09/2023 08:30 PM
19568,??????,?????,???????,"???????????  ???????? ??? ???????? ?? ?????? ""?????? ?????? ??????24 - ???????? >>>"", ? ??????? ""????????? ??????? ??????""",??????? ????????,02/09/2023 08:30 PM
19567,??????,?????,??????????,"?? ???????????? ????????? ????????????? ???????? ? ????? ? ?????? ??????? ""???????? - ???????????? - MINI""",Maksym Shymin,02/09/2023 08:29 PM
19566,??????,?????,??????????,"?? ??????????? ?????? ""??????????"" ?? ???????? ""??????????? ????????? ????????-????"" ?? ???.??????",Vladislava Vishnevska,02/09/2023 08:28 PM
19565,??????,?????,??????????,"???????????? ?????? ??????? ""?????????""",Anastasiya Lopatovskaya,02/09/2023 08:25 PM
19564,??????,?????,??????????,"???????????? ??????????? ?????????? ""?????"" ? ??????? ""???????????? ? ????""",Nina Draganova,02/09/2023 08:25 PM
19563,??????,?????,??????????,"??????????? ???????? ""??????????""  ?? ???????? ""????????? ??????"" ?? ???.??????",Vladislava Vishnevska,02/09/2023 08:24 PM
19562,??????,?????,??????????,?? ??????? ???????? ??? ???????? ?? ?????? ?? ????????,Sabina Vorotnikova,02/09/2023 08:24 PM
19561,??????,?????,??????????,"??????????? ???????? ""????????????? ????????"" ????? ??????????? ????????????.",Anna Prokopets,02/09/2023 08:24 PM
19560,??????,?????,??????,???????????. ??????????? ??????? ?? ???? ??????????? ???,"",02/09/2023 08:21 PM
19559,??????,?????,??????,"?????????? UA ??????????? ? ??????? "" ?????'e? -??????? """,???????  ??????? ,02/09/2023 08:19 PM
19558,??????,?????,??????????,"???????? ???????? ?????? ? ????????? ??????? ""?????"" ?? ???. ?????????? ",Natali Rudich,02/09/2023 08:18 PM
19557,??????,?????,??????????,?????? ??????????? ???? ??? ????????? ,Vladislava Vishnevska,02/09/2023 08:18 PM
19556,??????,?????,??????????,?????????? ???????? ? ???????? ? ?????,?????? ???????,02/09/2023 08:17 PM
19555,??????,?????,??????????,"?????????? ?????????? ""?? ?????? ?-?"" ? ??????? ""????????"" ? ?????????? ""????? ??? ? ???????""",Nina Draganova,02/09/2023 08:15 PM
19554,??????,?????,??????????,???????? ??????????? ??????????? UA  ??? ????????? ??????? ?? ???????? ,Sabina Vorotnikova,02/09/2023 08:15 PM
19553,??????,?????,??????????,?????????? ?????????? ??????? ?????? ????????? ??????? ? ?????????? ??????? ? ???????,???????  ??????? ,02/09/2023 08:14 PM
19552,??????,?????,??????????,"??????????? ???????? ??? ???????? ? ""?????????"" ? ??????",Vladislava Vishnevska,02/09/2023 08:13 PM
19551,??????,?????,??????????,"??? ??????? ?? ?????? ???????????/???????????, ??????????? ??????? ???????? ?????? ""??? ????????"" ??? ???????????????? ?????????????.",Anna Prokopets,02/09/2023 08:13 PM
19550,??????,?????,??????????,"?????? ??????????? ? ?????? ""?????????"", ??? ????? ? ??????? ??????",Maksym Shymin,02/09/2023 08:12 PM
19549,??????,?????,??????????,"?? ??????? ?????? ""?????????""  ? ??????,  ? ??????? ""?? ? ??? ?????"". ? ?????????, ??? ???????? ??????????.",Dubrovin Denis,02/09/2023 08:12 PM
19548,??????,?????,??????,"?????????????? ?????????? ??? ?????? ""?????? ??????? Porsche Mini Plush Tom Targa Figure - MY2021""",Anastasiya Lopatovskaya,02/09/2023 08:10 PM
19547,??????,?????,??????,???????? ????????????? ???????? ????????? ?? ?????????? ?????,??????? ????????,02/09/2023 08:10 PM
19546,??????,?????,??????????,"??????????? ???????? ? ??????? ""??????? ???????""",Vladislava Vishnevska,02/09/2023 08:09 PM
19545,??????,?????,??????,"?????? ?????? ??????? ?????? ? ??????? ""??????? ?????????"" ",Yuliia Novikova,02/09/2023 08:07 PM
19544,??????,?????,??????,?? ????????? ??????? ?????? ????????? ? ??????,Nina Draganova,02/09/2023 08:06 PM
19543,??????,?????,??????????,"??? ??????????? ?? ??????????? ??????? "" ??? ????????""",Vladislava Vishnevska,02/09/2023 08:05 PM
19542,??????,?????,??????,??? ????? ??????????? ???????? ??????????? ??????? ??????,?????? ???????,02/09/2023 08:04 PM
19541,??????,?????,??????????,???????????? ???????????  ??????????? UA ? ???????????? ?????? ??????? ?? ???????? https://smart-shop.ua/marka-avto/marka-avto-volvo/,Sabina Vorotnikova,02/09/2023 08:04 PM
19540,??????,?????,??????????,"??? ?????? ??? ?????????? ??? ???????? ?? "" ??????? ????????? ??????""",Natali Rudich,02/09/2023 08:01 PM
19538,??????,?????,??????????,"??? ????? ?? ??????, ?????????? ????? ????? ?????.",Dubrovin Denis,02/09/2023 08:00 PM
19537,??????,?????,??????????,?????? ????????? ??? ???????? ?????? ???????? ??? ???????? ?????,"",02/09/2023 07:59 PM
19536,??????,?????,??????,"????????? ??????????? RU ?? ?????? ""?????????"" ? ??????",Nina Draganova,02/09/2023 07:58 PM
19535,??????,?????,???????,"??? ??????? ?? ?????? ""?????????"" ? ????????????? ??????????? ??????????? ???? ?? ?????????? ?????",??????? ????????,02/09/2023 07:56 PM
19534,??????,?????,??????????,"????? ??????,  ""?????? ??????"" ""?????????? ??'???????"" ""? ???? ?? ? ??????????"" ??? ??????? ?? ????????? ? ??????",Oleksandr Lyshenko,02/09/2023 07:56 PM
19533,??????,?????,??????????,?? ??????? ?????? ?????? ,Natali Rudich,02/09/2023 07:55 PM
19532,??????,?????,??????????,"?? ???????? ?????? ?? ??????24 ? ??????? ""???????? ? ??????""",Vladislava Vishnevska,02/09/2023 07:54 PM
19531,??????,?????,??????????,"??? ??????? ?? ?????? ""???????"" ?????? ?? ?????????? ",?????? ???????,02/09/2023 07:54 PM
19530,??????,?????,??????????,"???????????? ?????? ??????? ""????????"" ",Anastasiya Lopatovskaya,02/09/2023 07:55 PM
19529,??????,?????,??????????,"?? ??????? ?????? ""?????????"" ?? ??????? ????????. ",Dubrovin Denis,02/09/2023 07:51 PM
19528,??????,?????,??????????,"?? ???????? ?????? ""??????? ??????"" ? ??????? ????, ??? ??????? ???????????/???????????.",Anna Prokopets,02/09/2023 07:51 PM
19527,??????,?????,??????????,??????????? ??????? ??? ???????????? ?? ????????,Vladislava Vishnevska,02/09/2023 07:50 PM
19526,??????,?????,??????????,"? ???????? ????? ??? ??????? ?????? ""?????????"" ???????? ?? ????????",?????? ???????,02/09/2023 07:50 PM
19525,??????,?????,??????????,?? ??????? ?????? ?? ????????? ????????? ? ??????,Maksym Shymin,02/09/2023 07:48 PM
19524,??????,?????,??????????,"?? ????????? ?????????? ?????? ??????? ??? ????????????? ""?????"" ? ?????? ??????? ???????? ????? https://qwertyshop.ua/",Oleksandr Lyshenko,02/09/2023 03:48 PM
19523,??????,?????,??????????,"?? ???????????? ??? ??????? ?????? (?? ???????????) ??????? ""??????? ? ??????"" ? ""?????????? ???????? ?????"" ?? ??????? ???????? ????? https://qwertyshop.ua/ ??? ??????????? ??????? ???? ????????",Oleksandr Lyshenko,02/09/2023 03:20 PM
19522,??????,?????,??????????,?? ???????????? ??? ??????? ?????? (?? ???????????) ???????? ????? ?? ??????? ???????? ????? https://qwertyshop.ua/ ??? ??????????? ??????? ???? ????????,Oleksandr Lyshenko,02/09/2023 03:12 PM
19521,??????,?????,??????????,"?????????? ????????????? ?????? ??????????????? ????????? ??????? ?? ??????? ???????? ????? https://qwertyshop.ua/, ??? ????????? ???????? ????",Oleksandr Lyshenko,02/09/2023 02:35 PM
19520,??????,?????,??????,??????????? ??????? ?????? ?? ?????????? ????? ??? UA ??????????? ?? ??????? ???????? ? ?????? ,??????? ????????,02/09/2023 01:03 PM
19519,??????,?????,???????,"?????????? ????? ?????? ???????? ???????? ?  ???????""?????? ??????"" ? ?????? ? ? ??????????? ???? ??????????????",??????? ????????,02/09/2023 12:45 PM
19518,??????,?????,???????,??????????? ??????? ?? ?????????? ????? ??? UA ??????????? ? ??????????? ???? ??? ???????? ? ????????? ?????? ???????? ??????,??????? ????????,02/09/2023 12:07 PM
19517,??????,?????,??????????,"??????????? ?? ???????? ""????????"", ""??????????????"" , ""??????"" ? ???????? ???????? ?? ?????????? ????? ??? UA ??????????? ?? ???????? ? ??????? ""???????"" ?? ?????? ??????? AOC Q27P2Q",??????? ????????,02/09/2023 11:51 AM
19516,??????,?????,??????????,"??????????? ?? ???????? ""????????"", ""??????????????"" , ""??????"" ? ???????? ???????? ?? ?????????? ????? ??? UA ??????????? ?? ??????? ???????? ? ??????? ""???????"" ?? ?????? ??????? AOC Q27P2Q",??????? ????????,02/09/2023 11:40 AM
19515,??????,?????,??????,"??????????? ??????? ?? ?????????? ????? ??? UA ??????????? ?? ??????? ???????? ? ??????? ""????? ????"" ? ??????? ?????? ???? ?? ?????? ????",??????? ????????,02/09/2023 11:02 AM
19514,??????,?????,??????,"??????????? ??????? ?? ?????????? ????? ??? UA ??????????? ?? ??????? ???????? ? ??????? ""??? ????????"" ? ??????? ?????? ???? ?? ????? ????",??????? ????????,02/09/2023 10:55 AM
19513,??????,?????,??????????,"? ??????? ???? ""?????????"" ?? ??????? ???????? ????? https://qwertyshop.ua/, ?????????? ????????????? ?????? ""?????????????"" ????????? ?????????????? ??????? ??????? ?? ??????????.",Oleksandr Lyshenko,02/09/2023 01:44 AM
19512,??????,?????,??????,"???????????? ???????????? ?????? ""Apple iiPhone 13 mini 128 GB Starlight""",Anastasiya Lopatovskaya,02/09/2023 12:26 AM
19511,??????,?????,??????????,"??????????? ?????????? ??????? ""????????????""",Anastasiya Lopatovskaya,02/09/2023 12:04 AM
19510,??????,?????,??????,"??????????? UA ??????????? ? ??????? ""????""",Anastasiya Lopatovskaya,02/08/2023 11:56 PM
19507,??????,?????,??????????,"??????????? ??????????? ?????????? ??? ????????? ?? ??????? ""????????"" ? ????? ""????????? ?????? ? ??????"" ??? ??????? ?? ?????? ""????????"" ????? https://qwertyshop.ua/",Oleksandr Lyshenko,02/08/2023 05:38 PM
19505,??????,?????,??????,"??????????? ?????????? ?????? ?????????? ?????? ??????????? UA ?? ??????? ""????????"" ? ????? ""????????? ?????? ? ??????"" ????? https://qwertyshop.ua/",Oleksandr Lyshenko,02/08/2023 05:22 PM
19503,??????,?????,??????,"??????????? ?????????? ??????????? UA ?? ??????? ""????????"" ????? https://qwertyshop.ua/",Oleksandr Lyshenko,02/08/2023 05:10 PM
19498,??????,?????,??????,"?? ?????????? ??????? ??????, ?????????? ? ?????? ?? ??????? ???????? ????? https://qwertyshop.ua/ ? ? ?????? ??????? ???????? ?????, ?????? ""?????? ??????""",Oleksandr Lyshenko,02/08/2023 04:21 PM
19496,??????,?????,??????,??????????? ?????????? ??????????? UA ? ????????? ????????? ?? ??????? ???????? ????? https://qwertyshop.ua/,Oleksandr Lyshenko,02/08/2023 03:42 PM
19390,??????,?????,??????????,"?????????????? ??????? ?????? ? ?????? ?? ??????? ???????? ????? ? ???????? ? ??????? ""?????? ??????"" ? ??????",Nina Draganova,02/07/2023 07:04 PM
19376,??????,?????,??????,"?????????? ??????????? UA  ? ??????? ""??????"" ? ??????",Nina Draganova,02/07/2023 06:53 PM
19369,??????,?????,??????????,"?????????? ?????????? ???????????? ""USB ????-??????????"" ? ????????? ""??????????? ???????"" ?? ??????? ?????? ?????",Nina Draganova,02/07/2023 06:34 PM
19359,??????,?????,??????,"???????????? ??????????? ??????? ""?????? ????????? ?????????"" ? ""?????? ? ???????????? ???????? ???????"" ? ??????? ""??????"" ? ??????",Nina Draganova,02/07/2023 05:57 PM
19352,??????,?????,??????,?????????? ??????????? UA ?? ????????? ?? ??????? ???????? ?????,Nina Draganova,02/07/2023 05:48 PM
19348,??????,?????,??????????,"?????????? ???????????  UA ? ????????? ???? ??????? ""????????? ??????"" ? ??????",Nina Draganova,02/07/2023 05:39 PM
19342,??????,?????,??????,"??????? ??? ?????????? ?????????? ?????? ???????? ? ??????? ""????? ? ????"" ? ??????",Nina Draganova,02/07/2023 05:22 PM
19339,??????,?????,??????????,"??????? ????? ?? ?????? ""???????"" ? ????????? ""??????????? ???????"" ? ??????? ?? ??????? ""??????????"" ? ????? ??????? ""???????"" ? ??????? ""??????? ???????"" ? ??????",Nina Draganova,02/07/2023 05:13 PM
19335,??????,?????,??????????,"?? ???????????? ???????? ??????? ""? ???"" ? ??? ?????????? ? ??????",Nina Draganova,02/07/2023 04:45 PM
19334,??????,?????,??????,"?? ???????????? ????? ??????? ?????????? ? ??????? ""????????"" ? ?????? ??? ?????????? ?????? ? ?????? ""?????????""",Nina Draganova,02/07/2023 04:32 PM
19333,??????,?????,??????????,"???????????  ???????? ????? ???? ""????????""",Anastasiya Lopatovskaya,02/07/2023 03:47 PM
19332,??????,?????,??????????,???? ?????? ?? ?????? ???? ?????????????? ,Anastasiya Lopatovskaya,02/07/2023 11:32 AM
19331,??????,?????,??????????,"?????????? ???????? ?????? NVIDIA ? ??????? ""??? ???????? ?????""",Anastasiya Lopatovskaya,02/07/2023 11:18 AM
19330,??????,?????,??????????,"? ?????? ? ?????????????? ????? ""????????"" ?????? ?????? ?????????.",Dubrovin Denis,02/07/2023 11:10 AM
19329,??????,?????,??????,"? ?????????????? ?????? ? ?????? ?? ?????????? ????? ??????. ?????? ? 10:00 ?? 17:00, ???????? ? 10 ?? 17. ??? ??????? ?????? ????? ""17"".",Dubrovin Denis,02/07/2023 11:06 AM
19328,??????,?????,??????????,"? ?????????????? ????? ""????????"" ? ?????? ? ?????????????? ?????? ? ?????? ?????? ?????? ??????.",Dubrovin Denis,02/07/2023 10:59 AM
19327,??????,?????,??????????,"?? ???????? ????? ""? ???"" ????????? ?????? ",Anastasiya Lopatovskaya,02/07/2023 10:57 AM
19326,??????,?????,???????,"? ??????? ""???????"" ????? ???????? ????? ? ""???????"" ?????.",Dubrovin Denis,02/07/2023 10:48 AM
19325,??????,?????,??????????,"? ??????? ""????????""  ???? ?????????? ???? ?????????????? ????.",Dubrovin Denis,02/07/2023 10:14 AM
19324,??????,?????,??????????,"? ????????? ""????????"" ??? ??????????? ???? ""?? ??????? ? ???????"" ? ""?? ??????? ? ???????"" ???? ??????????? ??????? ???.",Dubrovin Denis,02/07/2023 09:56 AM
19323,??????,?????,??????????,"??????????? ?????????? ??????? ""USB ????-??????????"" ",Anastasiya Lopatovskaya,02/07/2023 11:20 AM
19322,??????,?????,??????,"? ??????? ??? UA ??????????? ?????? ""???????? ??????"" ???????? ? ???????",Anastasiya Lopatovskaya,02/07/2023 08:38 AM
19321,??????,?????,??????,?????????? UA ??????????? ??????? ??? ?????? ????? ?? ?????????? ?????,Anastasiya Lopatovskaya,02/07/2023 08:27 AM
19320,??????,?????,??????,?????????? UA ??????????? ??????? ??? ?????? ????? ?? ?????????? ?????,Anastasiya Lopatovskaya,02/07/2023 07:54 AM
19313,??????,?????,??????????,"?????????? ?????? ???? ??????  ? ??????? ""????"" ?? ?????????? ???????????. ",???????  ??????? ,02/07/2023 12:07 AM
19309,??????,?????,??????????,"?? ??????????? ????????? ???? ?? ??????? ""ASUS ROG Strix SCAR 17 G733ZW-KH126 EU"" , ????????? ???? ???? ?????????????? .",???????  ??????? ,02/06/2023 11:40 PM
19306,??????,?????,??????????,"? ???????:""????????? ?????"", ?? ???????????? ?????? ? ???????? ??????????????? ????? "" ?????? ????????? ?????????"" ? ""?????? ? ???????????? ???????? ???????""",???????  ??????? ,02/06/2023 11:08 PM
19304,??????,?????,??????,"? ??????, ? ??????? ""??????"", ? ??????? ""?????? ????????? ?????????"" ? ???????? ?????? ?? ??????????? ?????.",Dubrovin Denis,02/06/2023 11:02 PM
19303,??????,?????,??????,"? ??????, ? ??????? ""??????"", ? ??????? ""?????? ????????? ?????????"" ? ???????? ?????? ?? ??????? ?????? ?? ???? ""https://qwertyshop.ua""",Dubrovin Denis,02/06/2023 10:58 PM
19301,??????,?????,??????????,"? ???????: ""???????  ? ?????? ??????"" , ? ??????: ""????????? ???????? ??????""?? ????????? ??????????? , ????????? ?? ????????? ? ?? ??????? ??????. ",???????  ??????? ,02/06/2023 10:51 PM
19299,??????,?????,??????,"? ??????, ? ??????? ""??????"", ? ??????? ""?????????, ???????????? ?????????????"" ?? ??????????? ?????.",Dubrovin Denis,02/06/2023 10:50 PM
19297,??????,?????,??????????,"? ??????? ""?????? ?????????"", ? ???????? ?????, ?????? ""?????? ?????????"" ?????????????? ? ?????? ""???????? ? ????????????? ??? ?????????""",Dubrovin Denis,02/06/2023 10:39 PM
19296,??????,?????,???????,"??? ????????? ???? ""?? ? ??"" ? ??????? ""???????? ???????"",???? ????????? ????????.",???????  ??????? ,02/06/2023 10:37 PM
19295,??????,?????,??????????,"??? ??????? ?? ?????? ""??? ???????? ?????????"" ?????????????? ??????? ?? ??????? ????????.",Dubrovin Denis,02/06/2023 10:27 PM
19294,??????,?????,???????,"?? ???????????? ?????? "" ? ???"" ? ?????? .",???????  ??????? ,02/06/2023 10:15 PM
19293,??????,?????,??????,"?? ??????????? ????? ? ??????? ""???????? ??????????""",Dubrovin Denis,02/06/2023 10:13 PM
19291,??????,?????,??????????,"?????????? ? ??????? ""?????????"" ???????? ?? ??? ???????.",???????  ??????? ,02/06/2023 10:10 PM
19290,??????,?????,??????,"???????? ?????? ""? ???"" ?? ????????????? ????????. ??? ???????? ??????????? ???? ""?????? ????????""",Dubrovin Denis,02/06/2023 10:02 PM
19289,??????,?????,??????,?????????? ??????????? ?? ?????????? ????? ? ????????.,???????  ??????? ,02/06/2023 10:01 PM
19288,??????,?????,??????????,"??????????? ??????? ""????????"" ??? ????????? ???????. ",???????  ??????? ,02/06/2023 09:56 PM
19237,??????,?????,??????,"?? ???????????? ?????? ??????? ""????""  ? ?????????? ??????????? ",Yuliia Novikova,02/06/2023 04:35 PM
19218,??????,?????,??????????,"?????????? ??????? ? ???????????? ""USB ????-??????????"" ? ??????? ????.",Anna Prokopets,02/06/2023 02:03 AM
19217,??????,?????,??????????,"??????????? ?????????? ??????????? ?????????? ???? ?????? ""???????? ???, ????? ????????""",Anna Prokopets,02/06/2023 01:51 AM
19216,??????,?????,??????????,"??????????? ?????????? ??????????? ???????? ""??????? ???????""",Anna Prokopets,02/06/2023 01:44 AM
19215,??????,?????,??????????,"??????????? ?????????? ??????????? ???????? ""????? ?????""",Anna Prokopets,02/06/2023 01:41 AM
19204,??????,?????,??????????,????????? ????????? ? ????????? ?????? .,???????  ??????? ,02/05/2023 09:54 PM
19190,??????,?????,??????????,??????????? UA ??????????? ????????,?????? ???????,02/05/2023 12:15 PM
19187,??????,?????,??????????,"?????? ?????????? UA ??????????? ?? ???????? ""????? ?????""",?????? ???????,02/05/2023 12:08 PM
19185,??????,?????,??????????,"??????????? UA ??????????? ? ""???????? ???????? ??????""",?????? ???????,02/05/2023 11:58 AM
19183,??????,?????,??????,?????????? UA ??????????? ? ??????? ???????,?????? ???????,02/05/2023 11:53 AM
19182,??????,?????,??????????,"?????????? UA ??????????? ???????? ""?????????? ??????""",?????? ???????,02/05/2023 11:47 AM
19175,??????,?????,??????????,"??????????? UA ??????????? ??????? ""??????""",?????? ???????,02/04/2023 11:19 PM
19174,??????,?????,??????,??????????? UA ??????????? ? ??????????????? ??????? ??? ?????????,?????? ???????,02/04/2023 08:24 PM
19163,??????,?????,??????????,?? ???????????? ?????????? ??????? ?????? ? ?????? ? ? ??????,Yuliia Novikova,02/04/2023 02:17 PM
19162,??????,?????,??????,???????? ?????? ?????? ?????????? ????? ?? ??????? ????? ? ?????????? ???????????,Yuliia Novikova,02/04/2023 02:08 PM
19161,??????,?????,??????,"?????? ???????????? ? ??????? ""??????"" ? ?????????? ???????????",Yuliia Novikova,02/04/2023 01:51 PM
19160,??????,?????,???????,?????????? ?????? ??? ????? ??????????? ?????,?????? ???????,02/04/2023 01:48 PM
19159,??????,?????,??????,"??????????? UA ?? ??????????? ??? ??????? ???????? ????? ?? ??????? ""??? ???""",?????? ???????,02/04/2023 01:39 PM
19158,??????,?????,??????????,? ?????????? ??????????? ?????? ?? ??????? ???????? ?? ?????? ?????,Yuliia Novikova,02/04/2023 01:39 PM
19157,??????,?????,??????,??? ????? ??????????? ? UA/RU ?????????? ?????????????? ?????????? ?? ????????,?????? ???????,02/04/2023 01:32 PM
19156,??????,?????,??????,"?????? ?? ???????????? ???????? ????? ""?????? ????????? ?????????"" ? ""?????? ? ???????????? ????????  ???????"" ",Yuliia Novikova,02/04/2023 01:26 PM
19155,??????,?????,??????????,"?? ???????? ????????? ?????????,?????? ???? ?????????????? ????? ?? ???? ?????????.",Vladislava Vishnevska,02/04/2023 11:44 AM
19154,??????,?????,??????,"??? ?????? ?????  ?? ??? ????? ?????? ""?????? ???????"" ? ??????? ???????????? ?? ??????? ?????",Nina Draganova,02/04/2023 11:43 AM
19153,??????,?????,??????????,"??????????? ????????? ? ??????? ???? ""??????? ????????"" ? ??????? ???????????.",Anna Prokopets,02/04/2023 11:42 AM
19152,??????,?????,???????,"????????????? ??????????? ??? ?? ??????????, ??? ? ?? ??????? ??????",KOSTIANTYN BLAGODARENKO,02/04/2023 11:39 AM
19151,??????,?????,??????????,"?? ???????????? ?????? ""??????? ????????"" ? ??????? ????  ? ????????????? ??????",Yuliia Novikova,02/04/2023 11:38 AM
19150,??????,?????,??????????,"????????? ??????????? ? ?????? ""??????? ??????? "" ,??? ?????? ?????? ?? ??????? ","",02/04/2023 11:38 AM
19149,??????,?????,??????????,?????????? ?????? ??????????? ? ???????? ????????,?????? ???????,02/04/2023 11:38 AM
19148,??????,?????,??????????,"????????? ???????? ? ???????? ???????? ??? ???????? ????? ???????? ""??? ??"" ? ?????? ??? ""?????????? ????????"" ",????????? ?????????,02/04/2023 11:35 AM
19147,??????,?????,??????????,"??? ??????? ?? ?????? ""???????? ?????"" ?????? ?????? ???????? ???????? ?? ""?????? ?????""",Dubrovin Denis,02/04/2023 11:35 AM
19146,??????,?????,??????????,"?? ???????? ?????? ? ????""?????????? ??????"" ? ?????????? ??????? ????????, ?????, ?????? ????","",02/04/2023 11:34 AM
19145,??????,?????,??????????,"??????????  ???????????????? ?????? ""????????""",Nina Draganova,02/04/2023 11:34 AM
19144,??????,?????,???????,"?? ??????? ?????? ""????????/?????????""",Oleksandr Lyshenko,02/04/2023 11:34 AM
19143,??????,?????,??????????,??????????? ???? ?????? ?? ???????? ??? ????????? ??????? ? ????????????? ?????? ?????,??????? ????????,02/04/2023 11:33 AM
19142,??????,?????,??????????,"?????????? ??????????? ????????? ? ??????? ""?????,??????,???????"" ",Vladislava Vishnevska,02/04/2023 11:33 AM
19141,??????,?????,??????????,??????? ?? ?????????? ? ?????????? ?????? ????? ?? ??????? ???????? ?? ???????,Maksym Shymin,02/04/2023 11:33 AM
19140,??????,?????,???????,??? ???????? ?? ??????? ? ??????? ???? ? ??? ??????? ?? ????? ????? ? ??????? - ?????????? ?? ??????? ???????? ?? ??????? ????????.,Anna Prokopets,02/04/2023 11:33 AM
19139,??????,?????,??????????,?????????? UA ??????????? ? ???????? ??????? ??? ????????? ???????,?????? ???????,02/04/2023 11:32 AM
19138,??????,?????,??????,"??? ?????? ????? ?? ?????????? ????? ?????? ""?????? ???????""  ? ??????? ???????????? ?? ???????  ?????",Anastasiya Lopatovskaya,02/04/2023 11:30 AM
19137,??????,?????,??????????,"?? ??????????? ????????? ??? ???????? ? ??????? ""??????????"" ? ???????? ? ????????",Vladislava Vishnevska,02/04/2023 11:28 AM
19136,??????,?????,??????????,?? ?????????? ??????,Dubrovin Denis,02/04/2023 11:27 AM
19135,??????,?????,??????????,?????????? UA ??????????? ??? ????????? ???????,?????? ???????,02/04/2023 11:27 AM
19134,?????????,?????,???????,??????????? ????? ?? ?????????? ?????,KOSTIANTYN BLAGODARENKO,02/04/2023 11:21 AM
19133,??????,?????,??????????,"? ?????????? ????????? "" ???????? ????????"" , ??? ???????????? ?????? ,???????????? ?????? ?? ?????????? ????? ","",02/04/2023 11:20 AM
19132,??????,?????,??????????,??????????? ????? ??? ????????? ? ?????? ??? ??????????? ?????,Sabina Vorotnikova,02/04/2023 11:21 AM
19131,??????,?????,??????????,"?? ???????? ?????? ""????????????? ??????""",Anastasiya Lopatovskaya,02/04/2023 11:19 AM
19130,??????,?????,??????,"?? ???????????? ????? ? ??????? ""????????"" ",Nina Draganova,02/04/2023 11:19 AM
19129,??????,?????,???????,"????????? ""??????????? ??????"", ???????? ????? ?????, ?? ?????????? ????????????? ?????? ? ?????????? ?????? ?????",Maksym Shymin,02/04/2023 11:19 AM
19128,??????,?????,??????????,"?????????? ?????????? ??????? ??? ??????? ?? ""????"" ? ????????? ?????? ?????",?????? ???????,02/04/2023 11:18 AM
19127,??????,?????,??????????,????? ??????????? ?????,Dubrovin Denis,02/04/2023 11:17 AM
19126,??????,?????,??????????,?? ?????????? ??????????? ???? ? ??????,????????? ?????????,02/04/2023 11:15 AM
19125,??????,?????,??????????,? ?????? ?? ????????? ??????? ???,Vladislava Vishnevska,02/04/2023 11:14 AM
19124,??????,?????,??????????,"??? ??????? ?? ??????? ""???????"", ??????????? ??????????? ???? ""? ??????? ?????"" ? ???????.",Anna Prokopets,02/04/2023 11:14 AM
19123,??????,?????,??????????,?????????? ??????????? GOOGLE MAPS ? ??????? ????????,KOSTIANTYN BLAGODARENKO,02/04/2023 11:12 AM
19122,??????,?????,??????????,"????? ???????? ? ""???????? ??? ???????"" ? ?????? ?? ?????????? (?? ???????? ? ??????)",Vladislava Vishnevska,02/04/2023 11:10 AM
19121,??????,?????,??????????,"?? ??????? ?????? ""?????????? ???????""",Dubrovin Denis,02/04/2023 11:10 AM
19120,??????,?????,??????????,??? ????????? ??? ?????????? ???????? ?????,?????? ???????,02/04/2023 11:10 AM
19119,??????,?????,???????,"?? ???????? ?????? ""???????"" ",Nina Draganova,02/04/2023 11:09 AM
19118,??????,?????,??????,"??? ?????? ????? ????? ?????????? ?? ???????????? ?????? ""???????? ?????"" ","",02/04/2023 11:08 AM
19117,??????,?????,??????,??????? ?????? ???? ?????? ? ?????????? ? ????????? ?????? ????? ? ?????? ????? ??? ????????? ???????,Maksym Shymin,02/04/2023 11:07 AM
19116,??????,?????,??????????,"?? ??????????? ?????????? ? ""?????? ?????? "" ?? ??????? ????? ",???????  ??????? ,02/04/2023 11:07 AM
19115,??????,?????,??????,"?????? ""?????????? ??????"" ????? ?????? ?? ?????",Natali Rudich,02/04/2023 11:04 AM
19114,??????,?????,???????,?????????? ???????? ? ??????? ?????,?????? ???????,02/04/2023 11:04 AM
19113,??????,?????,??????????,"?????????? ??????, ?? ???????? ?????? ? ???????.",Anna Prokopets,02/04/2023 11:03 AM
19112,??????,?????,???????,??????????? ??????????? ????? ?? ??????????? ???? ??? ????? ? ?????????? ? ?????? ????? ???? ?????,Sabina Vorotnikova,02/04/2023 11:03 AM
19111,??????,?????,??????????,"??? ??????? ?? ?????? ""???????? ?????"" ??? ???????? ?????? ""?????? ?????""",??????? ????????,02/04/2023 11:02 AM
19110,??????,?????,??????????,"?? ???????? ??????  ""?????????? ??????"" ? ?????? ??? ????",Vladislava Vishnevska,02/04/2023 11:01 AM
19109,??????,?????,??????????,"?????????? ?????? ????? ""?????????? ???????""",?????? ???????,02/04/2023 11:00 AM
19108,??????,?????,??????,?? ???????? ?????? ??????  {?????????? ???????} ? ???? ?????,Nina Draganova,02/04/2023 10:58 AM
19107,??????,?????,??????????,"?????????? ??????  ""????????? ???????"" ? ?????? ",???????  ??????? ,02/04/2023 10:58 AM
19106,??????,?????,??????,"?? ??????? ?????? ""?????????? ???????"" ? ??????? ?????? ",Yuliia Novikova,02/04/2023 10:57 AM
19105,??????,?????,??????????,"?? ???????????? ????? ?????????  ?? ????? ????????? ?   ""?????????????""",Vladislava Vishnevska,02/04/2023 10:56 AM
19104,??????,?????,??????????,"??????????? ?????? ? ??????????? ?? ""???-???""",KOSTIANTYN BLAGODARENKO,02/04/2023 10:56 AM
19103,??????,?????,???????,"?? ???????? ???? ? ???????  ?????? ???? "" ???????""",Natali Rudich,02/04/2023 10:54 AM
19102,??????,?????,???????,"? ???????? ""?????????? ???????"" ??????? ?????? ??????????? ?????? ?? ??? ???? (??????? ????????? ??????)",Maksym Shymin,02/04/2023 10:52 AM
19101,??????,?????,??????????,"??? ????? ??????????? ????? ""?????? ??????""??????????",?????? ???????,02/04/2023 10:51 AM
19100,??????,?????,???????,"??????????? ?????? ?? ?????? ?????? ""??????? ???????"" ? ??????? ???? ",Oleksandr Lyshenko,02/04/2023 10:34 AM
19099,??????,?????,??????,"??????????? ?????? ????? ?????? ""???????? ???????"" ? ??????? ????",??????? ????????,02/04/2023 10:26 AM
19098,??????,?????,??????????,"??????????? ?????? ?? ?????? ?????? ""??????? ???????"" ? ??????? ????","",02/04/2023 10:16 AM
19097,??????,?????,??????????,"??????????? ?????? ?????? ""???????? ??????"" ? ??????? ????","",02/04/2023 10:08 AM
19096,??????,?????,??????????,"??????????? ?????? ??????????? ?  ?????? ""???????? ???????"" ? ??????? ???????? ??? ??????? ",Sabina Vorotnikova,02/04/2023 10:11 AM
19094,??????,?????,??????,"??????????? ?????? ????? ?????? ""???????? ???????""","",02/04/2023 10:07 AM
19092,??????,?????,??????????,"?????????? ?????? ???????? ?????? ""??????? ???????""",Anna Prokopets,02/04/2023 10:04 AM
19090,??????,?????,??????,"?????????? ? ?????????????? ?????? ? ????? ???? ,? ??????? ? ""????????? ???????"" ?????? ",???????  ??????? ,02/04/2023 10:02 AM
